"Software version: 0.4.2";;;;;;;;;;;;;
"Software UUID: 0x5e55d3cc";;;;;;;;;;;;;
"Hardware UUID: 0x274784d6";;;;;;;;;;;;;
"SPS30 serial number: 15E099066D0D420B";;;;;;;;;;;;;
"SPS30 firmware version: 2.1";;;;;;;;;;;;;
"SPS30 SHDLC version: 2.0";;;;;;;;;;;;;
"SPS30 Hardware revision: 7";;;;;;;;;;;;;
"Timestamp";"PM1.0 [ug/m^3]";"PM2.5 [ug/m^3]";"PM4.0 [ug/m^3]";"PM10.0 [ug/m^3]";"PN0.5 [#/cm^3]";"PN1.0 [#/cm^3]";"PN2.5 [#/cm^3]";"PN4.0 [#/cm^3]";"PN10.0 [#/cm^3]";"Typical Particle Size [um]";"Temperature [degC]";"Pressure [Pa]";"Humidity [%]"
2021-03-15T00:00:00;0;2.0031307;0;9.822797;0;0;0;0;0;0;3.5036051;95565.497;47.525845
2021-03-15T00:30:00;0;5.799082;0;9.747382;0;0;0;0;0;0;3.103594;95551.31;49.83793
2021-03-15T01:00:00;0;5.817279;0;9.364604;0;0;0;0;0;0;2.5480218;95566.14;55.408974
2021-03-15T01:30:00;0;5.8841796;0;8.662393;0;0;0;0;0;0;3.0476844;95556.7;50.85829
2021-03-15T02:00:00;0;6.832499;0;8.437607;0;0;0;0;0;0;3.0408106;95553.906;50.602055
2021-03-15T02:30:00;0;10.317864;0;8.025141;0;0;0;0;0;0;2.2612302;95587.72;54.87445
2021-03-15T03:00:00;0;9.647467;0;8.12134;0;0;0;0;0;0;1.5232654;95601.34;61.200546
2021-03-15T03:30:00;0;7.1422505;0;8.29786;0;0;0;0;0;0;1.5023358;95589.19;61.09938
2021-03-15T04:00:00;0;6.836034;0;7.962474;0;0;0;0;0;0;0.9281464;95584.955;63.45946
2021-03-15T04:30:00;0;5.6917505;0;7.347254;0;0;0;0;0;0;0.3910686;95587.99;67.78451
2021-03-15T05:00:00;0;6.5336475;0;11.199355;0;0;0;0;0;0;0.4189935;95601.807;69.04966
2021-03-15T05:30:00;0;9.679679;0;18.266655;0;0;0;0;0;0;0.26616782;95615.38;70.575645
2021-03-15T06:00:00;0;10.639147;0;25.553274;0;0;0;0;0;0;0.08444476;95617.45;71.761215
2021-03-15T06:30:00;0;14.224542;0;38.92175;0;0;0;0;0;0;-0.40518045;95625.745;75.203926
2021-03-15T07:00:00;0;14.656785;0;56.17644;0;0;0;0;0;0;-0.49260473;95619.28;77.39455
2021-03-15T07:30:00;0;16.245562;0;87.83268;0;0;0;0;0;0;0.26476914;95612.897;76.038475
2021-03-15T08:00:00;0;18.355274;0;110.23506;0;0;0;0;0;0;2.0827923;95611.615;66.08882
2021-03-15T08:30:00;0;26.108997;0;151.3355;0;0;0;0;0;0;4.448115;95605.01;52.74328
2021-03-15T09:00:00;0;21.404411;0;107.79933;0;0;0;0;0;0;6.0213895;95603.37;42.197533
2021-03-15T09:30:00;0;4.1136355;0;27.92687;0;0;0;0;0;0;6.785277;95586.89;38.129776
2021-03-15T10:00:00;0;4.64012;0;24.181261;0;0;0;0;0;0;6.740556;95567.02;38.56071
2021-03-15T10:30:00;0;6.607518;0;17.30924;0;0;0;0;0;0;7.245268;95554.98;38.44516
2021-03-15T11:00:00;0;6.2363667;0;14.791697;0;0;0;0;0;0;7.9651647;95526.855;36.132946
2021-03-15T11:30:00;0;4.849517;0;10.172855;0;0;0;0;0;0;8.133202;95512.73;35.263393
2021-03-15T12:00:00;0;4.5210466;0;11.288377;0;0;0;0;0;0;8.3033085;95511.206;34.079823
2021-03-15T12:30:00;0;3.2936068;0;13.334958;0;0;0;0;0;0;8.735132;95479.126;32.445683
2021-03-15T13:00:00;0;3.2636003;0;11.671585;0;0;0;0;0;0;8.899638;95450.33;31.69934
2021-03-15T13:30:00;0;3.151446;0;8.619843;0;0;0;0;0;0;8.508708;95435.236;33.07538
2021-03-15T14:00:00;0;2.821137;0;12.04346;0;0;0;0;0;0;8.440794;95429.99;34.091373
2021-03-15T14:30:00;0;1.5868435;0;18.324705;0;0;0;0;0;0;8.453573;95425.085;34.03298
2021-03-15T15:00:00;0;1.3981546;0;16.888535;0;0;0;0;0;0;8.441894;95432.28;34.817074
2021-03-15T15:30:00;0;0.6930511;0;14.253626;0;0;0;0;0;0;8.411237;95426.52;33.740437
2021-03-15T16:00:00;0;0.8505079;0;15.838628;0;0;0;0;0;0;8.743108;95406.11;32.38961
2021-03-15T16:30:00;0;1.4388994;0;18.711512;0;0;0;0;0;0;8.692007;95396.15;32.558056
2021-03-15T17:00:00;0;2.0766466;0;14.348701;0;0;0;0;0;0;8.512163;95387.31;33.587646
2021-03-15T17:30:00;0;4.459826;0;6.344501;0;0;0;0;0;0;7.9841456;95397.754;35.491646
2021-03-15T18:00:00;0;4.3544645;0;8.162984;0;0;0;0;0;0;7.201286;95425.323;37.673958
2021-03-15T18:30:00;0;3.9608202;0;11.458991;0;0;0;0;0;0;6.424749;95447.39;40.36342
2021-03-15T19:00:00;0;3.735811;0;15.013602;0;0;0;0;0;0;5.496601;95459.56;44.531975
2021-03-15T19:30:00;0;2.9087358;0;21.535107;0;0;0;0;0;0;4.2398677;95479.395;51.26059
2021-03-15T20:00:00;0;4.9360967;0;26.822653;0;0;0;0;0;0;3.6842349;95503.97;56.456287
2021-03-15T20:30:00;0;12.387314;0;36.523422;0;0;0;0;0;0;3.6546702;95519.66;58.58193
2021-03-15T21:00:00;0;13.119501;0;43.60899;0;0;0;0;0;0;3.334717;95527.466;59.13358
2021-03-15T21:30:00;0;15.810506;0;56.608006;0;0;0;0;0;0;3.0641727;95552.905;60.3984
2021-03-15T22:00:00;0;14.0782995;0;54.261242;0;0;0;0;0;0;2.968107;95568.5;61.83154
2021-03-15T22:30:00;0;7.71184;0;49.95533;0;0;0;0;0;0;2.6302705;95591.534;64.32339
2021-03-15T23:00:00;0;9.071741;0;47.92209;0;0;0;0;0;0;2.5270958;95598.61;66.20047
2021-03-15T23:30:00;0;14.069835;0;44.192028;0;0;0;0;0;0;2.4633975;95614.62;68.51149
2021-03-16T00:00:00;0;13.224748;0;35.378784;0;0;0;0;0;0;2.560738;95618.713;69.63869
2021-03-16T00:30:00;0;10.066438;0;19.011263;0;0;0;0;0;0;2.4319453;95638.65;70.70584
2021-03-16T01:00:00;0;9.333643;0;16.445913;0;0;0;0;0;0;2.8717427;95656.;67.852745
2021-03-16T01:30:00;0;6.6403584;0;11.739346;0;0;0;0;0;0;3.2604373;95662.506;63.50587
2021-03-16T02:00:00;0;6.0417905;0;10.658955;0;0;0;0;0;0;1.7516528;95661.664;67.445015
2021-03-16T02:30:00;0;3.8419042;0;8.676865;0;0;0;0;0;0;1.2548486;95638.855;72.82686
2021-03-16T03:00:00;0;3.5008307;0;8.433338;0;0;0;0;0;0;0.67238414;95630.45;76.81599
2021-03-16T03:30:00;0;2.2473006;0;7.9864693;0;0;0;0;0;0;0.4842728;95642.62;79.48438
2021-03-16T04:00:00;0;2.1736124;0;9.194437;0;0;0;0;0;0;0.33728814;95648.23;81.36747
2021-03-16T04:30:00;0;1.8982282;0;11.410625;0;0;0;0;0;0;-0.16340922;95672.37;83.778366
2021-03-16T05:00:00;0;2.9373167;0;13.747366;0;0;0;0;0;0;-0.11145354;95701.57;84.62829
2021-03-16T05:30:00;0;6.8202353;0;18.034489;0;0;0;0;0;0;-0.022325972;95732.776;85.298965
2021-03-16T06:00:00;0;7.4565434;0;25.348429;0;0;0;0;0;0;0.12125174;95734.56;85.630135
2021-03-16T06:30:00;0;9.834367;0;38.766933;0;0;0;0;0;0;0.06832282;95769.03;86.55212
2021-03-16T07:00:00;0;9.437874;0;43.716736;0;0;0;0;0;0;0.82326245;95793.115;84.74376
2021-03-16T07:30:00;0;7.9806457;0;52.79801;0;0;0;0;0;0;2.1488616;95792.633;75.834656
2021-03-16T08:00:00;0;8.254685;0;50.41359;0;0;0;0;0;0;3.4324214;95818.08;67.99404
2021-03-16T08:30:00;0;9.26188;0;46.038986;0;0;0;0;0;0;4.8034725;95858.484;57.058517
2021-03-16T09:00:00;0;8.588065;0;43.370712;0;0;0;0;0;0;5.6026993;95873.975;53.988617
2021-03-16T09:30:00;0;6.111426;0;38.53483;0;0;0;0;0;0;6.003868;95900.76;45.78547
2021-03-16T10:00:00;0;5.411089;0;31.094637;0;0;0;0;0;0;6.1907;95919.2;46.204105
2021-03-16T10:30:00;0;2.8371851;0;17.60904;0;0;0;0;0;0;6.37504;95934.91;45.64169
2021-03-16T11:00:00;0;3.0471103;0;16.589128;0;0;0;0;0;0;6.654832;95948.52;44.26902
2021-03-16T11:30:00;0;3.8186686;0;14.717773;0;0;0;0;0;0;6.900076;95961.615;42.07517
2021-03-16T12:00:00;0;3.977708;0;16.682663;0;0;0;0;0;0;6.980927;95972.394;41.741695
2021-03-16T12:30:00;0;4.571994;0;20.287643;0;0;0;0;0;0;6.967542;95988.904;43.82798
2021-03-16T13:00:00;0;4.000379;0;17.05368;0;0;0;0;0;0;7.0749273;95986.7;41.16084
2021-03-16T13:30:00;0;1.8643727;0;11.1205;0;0;0;0;0;0;7.686641;95985.26;38.618412
2021-03-16T14:00:00;0;1.619995;0;12.454335;0;0;0;0;0;0;7.3965697;95969.57;37.88944
2021-03-16T14:30:00;0;0.7067791;0;14.901482;0;0;0;0;0;0;7.1694;95983.984;38.645718
2021-03-16T15:00:00;0;0.9403416;0;14.096329;0;0;0;0;0;0;6.199648;96026.074;44.964157
2021-03-16T15:30:00;0;1.813125;0;12.619354;0;0;0;0;0;0;5.915407;96052.094;47.030468
2021-03-16T16:00:00;0;1.724808;0;12.07956;0;0;0;0;0;0;6.4915433;96047.14;41.208218
2021-03-16T16:30:00;0;1.4002142;0;11.101145;0;0;0;0;0;0;6.565463;96072.784;40.339577
2021-03-16T17:00:00;0;1.942526;0;14.002984;0;0;0;0;0;0;5.5935802;96108.45;42.559925
2021-03-16T17:30:00;0;3.9356787;0;19.26259;0;0;0;0;0;0;4.630086;96144.635;46.31331
2021-03-16T18:00:00;0;4.1162515;0;16.635742;0;0;0;0;0;0;4.35923;96181.46;45.91235
2021-03-16T18:30:00;0;4.779875;0;11.874767;0;0;0;0;0;0;4.2155356;96201.31;45.849457
2021-03-16T19:00:00;0;5.309026;0;10.8167925;0;0;0;0;0;0;3.9066658;96237.62;46.88508
2021-03-16T19:30:00;0;7.286332;0;8.899259;0;0;0;0;0;0;3.3824768;96272.97;51.086674
2021-03-16T20:00:00;0;6.907648;0;11.67292;0;0;0;0;0;0;3.1640077;96285.236;53.1671
2021-03-16T20:30:00;0;5.492583;0;16.700108;0;0;0;0;0;0;2.5884163;96301.13;56.28535
2021-03-16T21:00:00;0;5.7577558;0;16.992388;0;0;0;0;0;0;2.2056289;96303.595;62.65111
2021-03-16T21:30:00;0;6.7486963;0;17.522116;0;0;0;0;0;0;1.9124466;96307.24;69.16111
2021-03-16T22:00:00;0;7.336611;0;14.280484;0;0;0;0;0;0;2.0610762;96286.78;69.121666
2021-03-16T22:30:00;0;9.53361;0;8.405136;0;0;0;0;0;0;1.9753543;96292.163;68.50282
2021-03-16T23:00:00;0;9.169629;0;7.6938186;0;0;0;0;0;0;1.8704095;96288.22;68.97436
2021-03-16T23:30:00;0;7.809486;0;6.404463;0;0;0;0;0;0;1.3146513;96290.13;71.68079
2021-03-17T00:00:00;0;7.1932573;0;6.9874587;0;0;0;0;0;0;0.95236003;96283.716;75.30239
2021-03-17T00:30:00;0;4.8514333;0;8.057059;0;0;0;0;0;0;0.74028015;96274.646;82.50085
2021-03-17T01:00:00;0;4.430086;0;8.31182;0;0;0;0;0;0;0.52424395;96276.24;87.80618
2021-03-17T01:30:00;0;2.8555536;0;8.77359;0;0;0;0;0;0;0.35669547;96270.123;89.60022
2021-03-17T02:00:00;0;3.0674555;0;9.63558;0;0;0;0;0;0;0.424347;96268.62;88.40457
2021-03-17T02:30:00;0;3.8592968;0;11.197889;0;0;0;0;0;0;0.19863775;96261.55;93.668655
2021-03-17T03:00:00;0;5.6678157;0;13.65966;0;0;0;0;0;0;-0.025125153;96241.24;96.249435
2021-03-17T03:30:00;0;12.425995;0;18.121662;0;0;0;0;0;0;-0.031877857;96228.47;96.80588
2021-03-17T04:00:00;0;11.341378;0;14.198934;0;0;0;0;0;0;-0.12739283;96217.993;96.85758
2021-03-17T04:30:00;0;7.2882967;0;7.089107;0;0;0;0;0;0;-0.21938062;96215.81;96.8476
2021-03-17T05:00:00;0;7.251515;0;7.1100774;0;0;0;0;0;0;-0.15264098;96216.144;96.84344
2021-03-17T05:30:00;0;7.1142235;0;7.1480765;0;0;0;0;0;0;-0.11139268;96208.527;96.76105
2021-03-17T06:00:00;0;6.6730905;0;8.223544;0;0;0;0;0;0;-0.06320889;96208.45;95.849205
2021-03-17T06:30:00;0;5.024549;0;10.172855;0;0;0;0;0;0;0.38273382;96186.66;91.04805
2021-03-17T07:00:00;0;4.5944057;0;10.987671;0;0;0;0;0;0;0.99951035;96184.35;82.50923
2021-03-17T07:30:00;0;2.9870555;0;12.464604;0;0;0;0;0;0;0.9474327;96202.655;77.8274
2021-03-17T08:00:00;0;3.4378083;0;13.513251;0;0;0;0;0;0;2.3945286;96225.45;67.158905
2021-03-17T08:30:00;0;5.1221967;0;15.413934;0;0;0;0;0;0;3.571987;96224.02;58.550343
2021-03-17T09:00:00;0;5.6535873;0;12.671247;0;0;0;0;0;0;4.4732447;96223.36;51.607655
2021-03-17T09:30:00;0;7.6392856;0;7.7001987;0;0;0;0;0;0;5.0474954;96212.25;44.582024
2021-03-17T10:00:00;0;7.3004236;0;11.440002;0;0;0;0;0;0;4.916265;96226.73;44.208282
2021-03-17T10:30:00;0;6.0340724;0;18.218243;0;0;0;0;0;0;5.2252626;96223.895;42.412945
2021-03-17T11:00:00;0;5.6706896;0;19.87205;0;0;0;0;0;0;5.7349052;96225.78;41.181137
2021-03-17T11:30:00;0;4.3128123;0;22.8695;0;0;0;0;0;0;5.259453;96243.036;43.541317
2021-03-17T12:00:00;0;4.147668;0;22.013453;0;0;0;0;0;0;5.796591;96233.39;42.203953
2021-03-17T12:30:00;0;3.5305178;0;20.46177;0;0;0;0;0;0;6.4675694;96216.25;39.404366
2021-03-17T13:00:00;0;3.3282173;0;17.999949;0;0;0;0;0;0;5.134736;96211.72;44.80825
2021-03-17T13:30:00;0;2.5722096;0;13.537999;0;0;0;0;0;0;6.0575886;96190.99;42.662663
2021-03-17T14:00:00;0;2.7445188;0;14.548818;0;0;0;0;0;0;6.125485;96189.72;38.88546
2021-03-17T14:30:00;0;3.3883836;0;16.380934;0;0;0;0;0;0;5.5310955;96197.66;40.605495
2021-03-17T15:00:00;0;3.3710158;0;15.656784;0;0;0;0;0;0;5.553849;96192.91;38.914516
2021-03-17T15:30:00;0;3.3061683;0;14.360002;0;0;0;0;0;0;5.8986187;96190.69;37.51938
2021-03-17T16:00:00;0;3.0989773;0;14.952517;0;0;0;0;0;0;5.9157147;96195.56;37.72346
2021-03-17T16:30:00;0;2.3246632;0;16.013565;0;0;0;0;0;0;5.497761;96203.33;38.848755
2021-03-17T17:00:00;0;2.5275867;0;17.56931;0;0;0;0;0;0;5.390371;96229.27;38.85226
2021-03-17T17:30:00;0;3.2858636;0;20.355282;0;0;0;0;0;0;4.6568522;96269.34;39.575012
2021-03-17T18:00:00;0;4.2335167;0;17.763405;0;0;0;0;0;0;4.0540094;96309.33;41.571194
2021-03-17T18:30:00;0;7.774701;0;13.122181;0;0;0;0;0;0;3.5954106;96333.42;43.004093
2021-03-17T19:00:00;0;7.480745;0;13.025186;0;0;0;0;0;0;3.2496657;96360.736;43.67611
2021-03-17T19:30:00;0;6.3821983;0;12.851458;0;0;0;0;0;0;3.0299182;96387.805;44.56689
2021-03-17T20:00:00;0;6.3401423;0;11.47821;0;0;0;0;0;0;2.5794744;96392.865;46.010574
2021-03-17T20:30:00;0;6.1830177;0;9.019184;0;0;0;0;0;0;1.467842;96416.64;50.117607
2021-03-17T21:00:00;0;6.7468576;0;12.358775;0;0;0;0;0;0;1.0717252;96429.23;53.884453
2021-03-17T21:30:00;0;8.853857;0;18.41171;0;0;0;0;0;0;0.55247146;96427.264;57.4214
2021-03-17T22:00:00;0;9.552863;0;18.906794;0;0;0;0;0;0;0.5407913;96433.28;59.65922
2021-03-17T22:30:00;0;12.164892;0;19.804144;0;0;0;0;0;0;0.047576945;96446.44;62.479443
2021-03-17T23:00:00;0;11.477937;0;21.86932;0;0;0;0;0;0;-0.16091482;96449.274;64.8514
2021-03-17T23:30:00;0;8.910931;0;25.567497;0;0;0;0;0;0;-0.12252619;96451.355;66.04485
2021-03-18T00:00:00;0;8.841105;0;23.769247;0;0;0;0;0;0;-0.3736049;96449.176;67.41413
2021-03-18T00:30:00;0;8.580219;0;20.51004;0;0;0;0;0;0;-0.6080742;96453.13;70.28857
2021-03-18T01:00:00;0;8.04057;0;18.368557;0;0;0;0;0;0;-0.32955858;96448.95;69.00175
2021-03-18T01:30:00;0;6.0572934;0;14.533978;0;0;0;0;0;0;-0.7921719;96448.193;70.68839
2021-03-18T02:00:00;0;6.021513;0;13.792513;0;0;0;0;0;0;-0.7377213;96443.066;72.8905
2021-03-18T02:30:00;0;5.889977;0;12.464604;0;0;0;0;0;0;-0.49576807;96428.015;72.47288
2021-03-18T03:00:00;0;6.110256;0;11.511691;0;0;0;0;0;0;-0.27675134;96416.3;72.36173
2021-03-18T03:30:00;0;6.919857;0;9.805341;0;0;0;0;0;0;0.065159336;96415.99;71.564926
2021-03-18T04:00:00;0;6.589968;0;10.744053;0;0;0;0;0;0;-0.030599726;96415.34;71.59152
2021-03-18T04:30:00;0;5.377498;0;12.445351;0;0;0;0;0;0;-0.65053976;96424.57;73.967606
2021-03-18T05:00:00;0;5.9005184;0;13.41487;0;0;0;0;0;0;-0.40876958;96439.453;74.48468
2021-03-18T05:30:00;0;7.854967;0;15.172183;0;0;0;0;0;0;-0.22680268;96438.92;74.25684
2021-03-18T06:00:00;0;8.109566;0;23.39991;0;0;0;0;0;0;-0.222848;96451.15;74.67113
2021-03-18T06:30:00;0;9.0453205;0;38.312634;0;0;0;0;0;0;-0.113948494;96453.17;74.612175
2021-03-18T07:00:00;0;9.146464;0;40.052227;0;0;0;0;0;0;0.032854054;96462.665;74.77379
2021-03-18T07:30:00;0;9.518194;0;43.20545;0;0;0;0;0;0;0.7122934;96474.774;71.78492
2021-03-18T08:00:00;0;10.81028;0;51.140896;0;0;0;0;0;0;1.1743588;96494.03;68.705246
2021-03-18T08:30:00;0;15.559011;0;65.523735;0;0;0;0;0;0;1.593473;96501.32;64.81301
2021-03-18T09:00:00;0;13.742275;0;59.95744;0;0;0;0;0;0;2.5267894;96495.85;51.16647
2021-03-18T09:30:00;0;7.064899;0;49.868324;0;0;0;0;0;0;3.21067;96475.94;46.1611
2021-03-18T10:00:00;0;7.0039005;0;37.40813;0;0;0;0;0;0;3.2595842;96463.3;43.140057
2021-03-18T10:30:00;0;6.7796254;0;14.82415;0;0;0;0;0;0;3.731141;96448.94;41.237778
2021-03-18T11:00:00;0;6.7850256;0;15.5599575;0;0;0;0;0;0;4.7751226;96425.59;38.694416
2021-03-18T11:30:00;0;6.804791;0;16.893547;0;0;0;0;0;0;4.3350167;96406.84;38.906555
2021-03-18T12:00:00;0;6.3036237;0;16.669931;0;0;0;0;0;0;4.6472387;96385.504;38.284492
2021-03-18T12:30:00;0;4.461749;0;16.264898;0;0;0;0;0;0;4.875812;96363.116;36.386047
2021-03-18T13:00:00;0;5.1478467;0;16.130539;0;0;0;0;0;0;4.2857656;96347.18;40.585907
2021-03-18T13:30:00;0;7.660605;0;15.887847;0;0;0;0;0;0;4.5910892;96330.835;43.304306
2021-03-18T14:00:00;0;7.6169257;0;17.232098;0;0;0;0;0;0;4.4799366;96322.876;46.321663
2021-03-18T14:30:00;0;7.456542;0;19.668734;0;0;0;0;0;0;4.561885;96302.32;46.18055
2021-03-18T15:00:00;0;6.7657604;0;21.54599;0;0;0;0;0;0;3.404256;96323.865;53.142914
2021-03-18T15:30:00;0;4.2267394;0;24.94851;0;0;0;0;0;0;4.2272754;96285.42;46.472477
2021-03-18T16:00:00;0;4.256102;0;19.456825;0;0;0;0;0;0;4.612076;96254.79;42.586555
2021-03-18T16:30:00;0;4.3640494;0;9.622599;0;0;0;0;0;0;4.755167;96235.79;40.709587
2021-03-18T17:00:00;0;4.56944;0;11.117922;0;0;0;0;0;0;3.7862623;96244.37;43.89489
2021-03-18T17:30:00;0;5.33689;0;13.828088;0;0;0;0;0;0;3.1283553;96244.9;46.363953
2021-03-18T18:00:00;0;6.094258;0;12.20577;0;0;0;0;0;0;2.6964657;96252.893;45.559227
2021-03-18T18:30:00;0;8.924446;0;9.300584;0;0;0;0;0;0;2.3139162;96271.3;45.088696
2021-03-18T19:00:00;0;8.516794;0;10.061173;0;0;0;0;0;0;1.6843033;96282.7;47.047764
2021-03-18T19:30:00;0;7.0185175;0;11.439639;0;0;0;0;0;0;1.1266023;96291.94;48.789303
2021-03-18T20:00:00;0;8.344687;0;13.530057;0;0;0;0;0;0;0.22571063;96301.135;51.81105
2021-03-18T20:30:00;0;13.218854;0;17.319002;0;0;0;0;0;0;-0.2905003;96302.997;55.34136
2021-03-18T21:00:00;0;13.5125475;0;20.471825;0;0;0;0;0;0;-0.5129849;96297.37;57.716232
2021-03-18T21:30:00;0;14.592021;0;26.186415;0;0;0;0;0;0;-0.5195552;96293.85;58.886986
2021-03-18T22:00:00;0;14.1349325;0;24.16814;0;0;0;0;0;0;-1.1784918;96299.83;61.4431
2021-03-18T22:30:00;0;12.454899;0;20.51004;0;0;0;0;0;0;-1.4619968;96287.27;63.96651
2021-03-18T23:00:00;0;13.474608;0;23.78326;0;0;0;0;0;0;-1.7946596;96284.52;66.74738
2021-03-18T23:30:00;0;17.222317;0;29.716015;0;0;0;0;0;0;-1.6912973;96269.763;67.81415
2021-03-19T00:00:00;0;15.30298;0;26.632113;0;0;0;0;0;0;-0.43906814;96248.43;61.665375
2021-03-19T00:30:00;0;8.130513;0;20.97418;0;0;0;0;0;0;-0.42574337;96235.815;59.854992
2021-03-19T01:00:00;0;8.049673;0;17.186785;0;0;0;0;0;0;-1.4789718;96240.564;63.919804
2021-03-19T01:30:00;0;7.747585;0;10.404928;0;0;0;0;0;0;-1.6508403;96232.477;66.032906
2021-03-19T02:00:00;0;7.565918;0;9.844118;0;0;0;0;0;0;-1.8297645;96210.8;66.32833
2021-03-19T02:30:00;0;6.88697;0;8.827722;0;0;0;0;0;0;-2.1364486;96186.66;68.1552
2021-03-19T03:00:00;0;6.6493344;0;9.21662;0;0;0;0;0;0;-2.6595335;96175.85;70.0166
2021-03-19T03:30:00;0;5.761393;0;9.921429;0;0;0;0;0;0;-3.3603299;96171.75;74.33409
2021-03-19T04:00:00;0;5.4863176;0;10.880706;0;0;0;0;0;0;-3.165464;96160.75;75.39433
2021-03-19T04:30:00;0;4.4752913;0;12.619354;0;0;0;0;0;0;-3.4809096;96160.15;77.40725
2021-03-19T05:00:00;0;5.6463633;0;15.079543;0;0;0;0;0;0;-3.6304517;96162.;77.76424
2021-03-19T05:30:00;0;9.950455;0;19.484987;0;0;0;0;0;0;-4.0594177;96159.125;79.124245
2021-03-19T06:00:00;0;10.59781;0;21.70959;0;0;0;0;0;0;-3.0198188;96156.934;77.48957
2021-03-19T06:30:00;0;12.977105;0;25.741627;0;0;0;0;0;0;-2.9501584;96168.2;74.1673
2021-03-19T07:00:00;0;12.598605;0;29.054174;0;0;0;0;0;0;-2.0343027;96172.68;70.342186
2021-03-19T07:30:00;0;11.207564;0;34.985992;0;0;0;0;0;0;-1.3724456;96184.064;64.52919
2021-03-19T08:00:00;0;10.771133;0;37.06166;0;0;0;0;0;0;-0.32651678;96199.51;58.963562
2021-03-19T08:30:00;0;9.167145;0;40.778328;0;0;0;0;0;0;0.82484394;96207.55;55.421658
2021-03-19T09:00:00;0;8.715006;0;33.196766;0;0;0;0;0;0;2.0587;96201.276;47.787724
2021-03-19T09:30:00;0;7.053268;0;19.62046;0;0;0;0;0;0;2.9654331;96200.41;44.654293
2021-03-19T10:00:00;0;6.829337;0;17.184414;0;0;0;0;0;0;3.5329285;96192.66;41.35015
2021-03-19T10:30:00;0;5.9925137;0;12.822395;0;0;0;0;0;0;2.6979277;96203.687;47.132236
2021-03-19T11:00:00;0;7.126124;0;17.226595;0;0;0;0;0;0;1.8468639;96213.08;58.526497
2021-03-19T11:30:00;0;11.36225;0;25.113037;0;0;0;0;0;0;2.3342357;96203.687;62.308174
2021-03-19T12:00:00;0;10.898749;0;21.641077;0;0;0;0;0;0;3.7849216;96187.006;49.17758
2021-03-19T12:30:00;0;9.195221;0;15.42368;0;0;0;0;0;0;4.168079;96174.39;47.096577
2021-03-19T13:00:00;0;8.82832;0;15.361264;0;0;0;0;0;0;3.984893;96167.43;48.58618
2021-03-19T13:30:00;0;7.4797635;0;15.249606;0;0;0;0;0;0;3.2816691;96161.39;56.6644
2021-03-19T14:00:00;0;6.996772;0;13.828889;0;0;0;0;0;0;3.4755616;96146.52;56.03437
2021-03-19T14:30:00;0;5.221816;0;11.284861;0;0;0;0;0;0;2.5225918;96168.024;62.31494
2021-03-19T15:00:00;0;5.3537617;0;12.210074;0;0;0;0;0;0;1.9879469;96169.867;68.88016
2021-03-19T15:30:00;0;5.8387394;0;13.866778;0;0;0;0;0;0;3.226307;96159.32;62.07086
2021-03-19T16:00:00;0;6.2476354;0;13.014346;0;0;0;0;0;0;3.275952;96154.91;62.70378
2021-03-19T16:30:00;0;7.750484;0;11.487903;0;0;0;0;0;0;2.6864903;96167.84;67.73907
2021-03-19T17:00:00;0;7.3265214;0;12.988312;0;0;0;0;0;0;2.2859325;96185.59;70.041695
2021-03-19T17:30:00;0;5.768149;0;15.675039;0;0;0;0;0;0;2.4786644;96190.686;68.26041
2021-03-19T18:00:00;0;7.006021;0;16.087364;0;0;0;0;0;0;2.3533423;96204.895;68.84015
2021-03-19T18:30:00;0;11.555628;0;16.825743;0;0;0;0;0;0;1.8484405;96224.426;72.29998
2021-03-19T19:00:00;0;11.147559;0;20.848658;0;0;0;0;0;0;1.5249103;96251.67;75.21913
2021-03-19T19:30:00;0;9.647792;0;28.052536;0;0;0;0;0;0;1.4164943;96287.62;76.7765
2021-03-19T20:00:00;0;10.765263;0;24.580685;0;0;0;0;0;0;0.88604575;96306.27;83.299904
2021-03-19T20:30:00;0;14.87239;0;18.363417;0;0;0;0;0;0;0.19218948;96342.554;91.07987
2021-03-19T21:00:00;0;13.732802;0;15.993185;0;0;0;0;0;0;0.18549673;96371.405;93.70494
2021-03-19T21:30:00;0;9.544336;0;11.749008;0;0;0;0;0;0;0.19322339;96388.837;93.83311
2021-03-19T22:00:00;0;9.191875;0;12.3173275;0;0;0;0;0;0;0.092657685;96404.34;94.774055
2021-03-19T22:30:00;0;7.8965364;0;13.334958;0;0;0;0;0;0;0.0567026;96423.82;95.57167
2021-03-19T23:00:00;0;8.346201;0;12.340439;0;0;0;0;0;0;0.08420138;96439.93;95.55066
2021-03-19T23:30:00;0;9.998813;0;10.559613;0;0;0;0;0;0;0.32755348;96454.79;94.335266
2021-03-20T00:00:00;0;9.771592;0;11.769875;0;0;0;0;0;0;0.19322374;96459.247;92.5226
2021-03-20T00:30:00;0;8.922542;0;13.963435;0;0;0;0;0;0;-0.047634624;96461.285;92.883026
2021-03-20T01:00:00;0;10.49922;0;14.115878;0;0;0;0;0;0;-0.3383192;96468.62;93.48737
2021-03-20T01:30:00;0;16.294006;0;14.388891;0;0;0;0;0;0;-0.54778427;96480.26;94.17162
2021-03-20T02:00:00;0;15.799653;0;14.742336;0;0;0;0;0;0;-0.66982526;96479.11;94.0442
2021-03-20T02:30:00;0;13.982792;0;15.375245;0;0;0;0;0;0;-0.90642625;96479.974;94.70077
2021-03-20T03:00:00;0;14.659131;0;15.839665;0;0;0;0;0;0;-0.98880166;96479.297;94.59195
2021-03-20T03:30:00;0;17.144894;0;16.671152;0;0;0;0;0;0;-0.93745476;96487.28;94.90487
2021-03-20T04:00:00;0;16.071457;0;15.527577;0;0;0;0;0;0;-0.93051594;96495.97;94.225975
2021-03-20T04:30:00;0;12.126205;0;13.479936;0;0;0;0;0;0;-0.8448567;96500.336;94.20222
2021-03-20T05:00:00;0;12.430217;0;13.888876;0;0;0;0;0;0;-0.8831859;96503.784;94.6042
2021-03-20T05:30:00;0;13.547635;0;14.621109;0;0;0;0;0;0;-0.99172103;96511.02;94.91951
2021-03-20T06:00:00;0;12.778092;0;12.860819;0;0;0;0;0;0;-0.9688481;96520.026;95.082924
2021-03-20T06:30:00;0;9.902072;0;9.708704;0;0;0;0;0;0;-1.0587643;96538.95;96.25177
2021-03-20T07:00:00;0;10.175643;0;11.195237;0;0;0;0;0;0;-1.1345079;96569.42;96.32051
2021-03-20T07:30:00;0;11.197889;0;13.857148;0;0;0;0;0;0;-1.1257477;96591.266;95.4928
2021-03-20T08:00:00;0;11.397947;0;15.277838;0;0;0;0;0;0;-0.93617463;96613.82;94.0977
2021-03-20T08:30:00;0;12.145564;0;17.821861;0;0;0;0;0;0;-0.43712017;96637.56;88.03093
2021-03-20T09:00:00;0;11.874036;0;17.832184;0;0;0;0;0;0;0.23568831;96664.343;82.5072
2021-03-20T09:30:00;0;10.859395;0;17.85079;0;0;0;0;0;0;0.64324296;96686.597;80.97725
2021-03-20T10:00:00;0;11.010377;0;14.821549;0;0;0;0;0;0;0.5418254;96691.797;80.321526
2021-03-20T10:30:00;0;11.565294;0;9.397319;0;0;0;0;0;0;0.55009955;96704.28;82.016914
2021-03-20T11:00:00;0;11.244701;0;12.156206;0;0;0;0;0;0;-0.64719373;96728.577;85.4505
2021-03-20T11:30:00;0;10.066438;0;17.096607;0;0;0;0;0;0;-1.4023163;96775.684;87.33559
2021-03-20T12:00:00;0;11.4178915;0;15.48876;0;0;0;0;0;0;-1.8266605;96785.03;94.78243
2021-03-20T12:30:00;0;16.467957;0;12.609708;0;0;0;0;0;0;-1.8595132;96810.09;93.04819
2021-03-20T13:00:00;0;14.280183;0;11.958248;0;0;0;0;0;0;-1.9237607;96800.68;91.54821
2021-03-20T13:30:00;0;6.1046615;0;10.791684;0;0;0;0;0;0;-2.1961923;96794.836;91.44108
2021-03-20T14:00:00;0;6.9451203;0;11.72731;0;0;0;0;0;0;-2.0037;96785.974;89.47503
2021-03-20T14:30:00;0;10.085793;0;13.402635;0;0;0;0;0;0;-1.3182397;96772.845;79.56886
2021-03-20T15:00:00;0;10.149089;0;11.7931185;0;0;0;0;0;0;-0.8264232;96765.56;77.30699
2021-03-20T15:30:00;0;10.3855715;0;8.910931;0;0;0;0;0;0;-0.51742625;96762.195;78.47889
2021-03-20T16:00:00;0;11.426723;0;9.252194;0;0;0;0;0;0;-0.402686;96743.854;77.645966
2021-03-20T16:30:00;0;15.317264;0;9.863368;0;0;0;0;0;0;-0.22899285;96734.33;77.789314
2021-03-20T17:00:00;0;13.614332;0;11.083086;0;0;0;0;0;0;-0.13493724;96755.73;76.67634
2021-03-20T17:30:00;0;7.2505903;0;13.267255;0;0;0;0;0;0;-0.27383047;96776.69;67.4608
2021-03-20T18:00:00;0;7.064787;0;12.466791;0;0;0;0;0;0;-0.5818538;96801.025;61.30699
2021-03-20T18:30:00;0;6.3705907;0;11.033434;0;0;0;0;0;0;-1.0806049;96811.37;63.16134
2021-03-20T19:00:00;0;7.026061;0;10.853242;0;0;0;0;0;0;-1.9679896;96818.75;76.610214
2021-03-20T19:30:00;0;9.435041;0;10.530587;0;0;0;0;0;0;-2.567242;96842.33;79.796074
2021-03-20T20:00:00;0;10.26711;0;12.987362;0;0;0;0;0;0;-3.169425;96870.996;80.96349
2021-03-20T20:30:00;0;13.325244;0;17.386642;0;0;0;0;0;0;-3.7032108;96890.753;81.624466
2021-03-20T21:00:00;0;13.28807;0;16.187738;0;0;0;0;0;0;-4.10529;96910.3;82.15434
2021-03-20T21:30:00;0;13.151247;0;14.040856;0;0;0;0;0;0;-4.4861965;96917.04;83.06477
2021-03-20T22:00:00;0;14.152276;0;17.242527;0;0;0;0;0;0;-4.969319;96917.84;85.72727
2021-03-20T22:30:00;0;17.831432;0;22.975805;0;0;0;0;0;0;-5.2800117;96927.14;86.79054
2021-03-20T23:00:00;0;18.040384;0;24.989088;0;0;0;0;0;0;-5.5208106;96922.943;87.50799
2021-03-20T23:30:00;0;18.80821;0;28.5942;0;0;0;0;0;0;-5.826524;96908.386;87.50142
2021-03-21T00:00:00;0;16.997423;0;24.956594;0;0;0;0;0;0;-6.2735662;96895.31;87.97084
2021-03-21T00:30:00;0;10.230885;0;18.363417;0;0;0;0;0;0;-6.4021125;96881.66;88.78128
2021-03-21T01:00:00;0;10.379797;0;18.73412;0;0;0;0;0;0;-6.4959207;96873.35;89.28864
2021-03-21T01:30:00;0;10.927133;0;19.398067;0;0;0;0;0;0;-6.574465;96854.27;89.08828
2021-03-21T02:00:00;0;10.46237;0;17.672462;0;0;0;0;0;0;-6.478037;96823.663;85.55549
2021-03-21T02:30:00;0;8.754234;0;14.5824;0;0;0;0;0;0;-7.159792;96799.506;86.94637
2021-03-21T03:00:00;0;8.612341;0;16.86937;0;0;0;0;0;0;-7.2924128;96777.74;87.63801
2021-03-21T03:30:00;0;8.090855;0;20.96463;0;0;0;0;0;0;-7.1622157;96750.13;87.47819
2021-03-21T04:00:00;0;8.978772;0;16.598507;0;0;0;0;0;0;-7.148776;96722.3;85.49488
2021-03-21T04:30:00;0;12.242203;0;8.87416;0;0;0;0;0;0;-7.651118;96693.53;87.16173
2021-03-21T05:00:00;0;12.393186;0;11.817028;0;0;0;0;0;0;-7.8161716;96674.83;88.75532
2021-03-21T05:30:00;0;12.948111;0;17.086843;0;0;0;0;0;0;-7.8559585;96647.94;89.20937
2021-03-21T06:00:00;0;12.425503;0;18.212996;0;0;0;0;0;0;-8.056905;96626.27;89.60124
2021-03-21T06:30:00;0;10.472636;0;20.22959;0;0;0;0;0;0;-8.424615;96621.98;89.74969
2021-03-21T07:00:00;0;10.991782;0;18.00165;0;0;0;0;0;0;-7.077047;96613.65;84.952446
2021-03-21T07:30:00;0;12.899791;0;14.011871;0;0;0;0;0;0;-5.6006885;96590.564;75.01015
2021-03-21T08:00:00;0;13.377565;0;19.025787;0;0;0;0;0;0;-4.4851007;96571.07;68.86469
2021-03-21T08:30:00;0;15.133496;0;28.004288;0;0;0;0;0;0;-3.388312;96541.614;66.936
2021-03-21T09:00:00;0;13.126594;0;25.933588;0;0;0;0;0;0;-2.5850105;96515.09;66.83552
2021-03-21T09:30:00;0;5.750764;0;22.269922;0;0;0;0;0;0;-1.951683;96493.29;62.162846
2021-03-21T10:00:00;0;6.4951344;0;20.206293;0;0;0;0;0;0;-1.355593;96458.15;61.72397
2021-03-21T10:30:00;0;9.230951;0;16.555115;0;0;0;0;0;0;-0.86280406;96423.49;59.38939
2021-03-21T11:00:00;0;8.576778;0;15.595278;0;0;0;0;0;0;-0.5956026;96387.115;57.080845
2021-03-21T11:30:00;0;6.1723895;0;13.8765;0;0;0;0;0;0;-0.32615155;96377.3;55.974785
2021-03-21T12:00:00;0;6.461326;0;15.723726;0;0;0;0;0;0;-0.02828827;96341.174;56.741737
2021-03-21T12:30:00;0;7.5232835;0;18.991909;0;0;0;0;0;0;0.6672739;96307.17;54.730137
2021-03-21T13:00:00;0;8.074463;0;17.980131;0;0;0;0;0;0;0.87923324;96271.893;53.516014
2021-03-21T13:30:00;0;10.134145;0;16.168291;0;0;0;0;0;0;0.46322224;96231.14;58.575912
2021-03-21T14:00:00;0;10.372978;0;16.946987;0;0;0;0;0;0;0.62188804;96189.594;62.664574
2021-03-21T14:30:00;0;11.265511;0;18.324705;0;0;0;0;0;0;0.6012644;96144.116;66.499504
2021-03-21T15:00:00;0;10.516913;0;16.596125;0;0;0;0;0;0;0.8472935;96092.334;67.62796
2021-03-21T15:30:00;0;7.7195425;0;13.537999;0;0;0;0;0;0;0.7908973;96066.9;69.385414
2021-03-21T16:00:00;0;7.895328;0;16.434788;0;0;0;0;0;0;0.809817;96043.58;68.28787
2021-03-21T16:30:00;0;8.552143;0;21.622078;0;0;0;0;0;0;1.1074985;96003.04;66.49714
2021-03-21T17:00:00;0;8.5499;0;18.336275;0;0;0;0;0;0;1.048851;95972.33;65.9235
2021-03-21T17:30:00;0;8.541517;0;12.522643;0;0;0;0;0;0;1.1737499;95951.09;65.990486
2021-03-21T18:00:00;0;8.487134;0;14.463051;0;0;0;0;0;0;1.2757748;95934.546;66.46241
2021-03-21T18:30:00;0;8.287197;0;17.937798;0;0;0;0;0;0;1.0639386;95917.126;68.133804
2021-03-21T19:00:00;0;8.738348;0;18.437208;0;0;0;0;0;0;0.9426872;95905.39;68.8579
2021-03-21T19:30:00;0;10.424285;0;19.320642;0;0;0;0;0;0;0.7658936;95924.365;70.418396
2021-03-21T20:00:00;0;12.337091;0;22.54029;0;0;0;0;0;0;0.5861764;95937.683;73.04362
2021-03-21T20:30:00;0;19.484987;0;28.236502;0;0;0;0;0;0;0.28983387;95943.52;75.77113
2021-03-21T21:00:00;0;20.393469;0;28.854477;0;0;0;0;0;0;-0.17204824;95942.97;78.993454
2021-03-21T21:30:00;0;23.788233;0;29.947987;0;0;0;0;0;0;-0.28076595;95926.7;80.391464
2021-03-21T22:00:00;0;23.967928;0;29.515154;0;0;0;0;0;0;-0.4246483;95892.76;81.57044
2021-03-21T22:30:00;0;24.639193;0;28.749004;0;0;0;0;0;0;-0.9067305;95881.85;84.44332
2021-03-21T23:00:00;0;23.88586;0;28.424082;0;0;0;0;0;0;-1.2442607;95885.175;87.1046
2021-03-21T23:30:00;0;21.070961;0;27.849499;0;0;0;0;0;0;-1.3202463;95882.48;87.839264
2021-03-22T00:00:00;0;21.17769;0;28.130295;0;0;0;0;0;0;-1.5211921;95864.966;88.27806
2021-03-22T00:30:00;0;21.583368;0;28.632917;0;0;0;0;0;0;-1.7834666;95861.55;89.165085
2021-03-22T01:00:00;0;20.538223;0;25.762436;0;0;0;0;0;0;-1.544616;95871.1;88.71439
2021-03-22T01:30:00;0;16.63244;0;20.684168;0;0;0;0;0;0;-1.4542109;95853.436;86.4403
2021-03-22T02:00:00;0;15.035371;0;18.190872;0;0;0;0;0;0;1.6125154;95819.31;69.39482
2021-03-22T02:30:00;0;9.067531;0;13.77975;0;0;0;0;0;0;0.39137295;95822.88;69.78342
2021-03-22T03:00:00;0;9.435599;0;12.040427;0;0;0;0;0;0;-0.086389;95801.07;74.75942
2021-03-22T03:30:00;0;10.811039;0;8.96315;0;0;0;0;0;0;-0.99494416;95760.72;80.644875
2021-03-22T04:00:00;0;10.596678;0;8.099541;0;0;0;0;0;0;-0.63052434;95776.99;81.36779
2021-03-22T04:30:00;0;9.795663;0;6.5717273;0;0;0;0;0;0;-0.69519484;95816.51;81.334595
2021-03-22T05:00:00;0;9.624612;0;7.9873934;0;0;0;0;0;0;-0.16140151;95828.;80.315216
2021-03-22T05:30:00;0;8.985357;0;10.491986;0;0;0;0;0;0;2.394225;95832.85;58.832535
2021-03-22T06:00:00;0;8.647093;0;10.233586;0;0;0;0;0;0;2.6336844;95849.11;48.684982
2021-03-22T06:30:00;0;7.383053;0;9.776409;0;0;0;0;0;0;2.6889834;95851.17;46.350685
2021-03-22T07:00:00;0;7.1196985;0;10.527143;0;0;0;0;0;0;3.1709433;95865.09;45.274246
2021-03-22T07:30:00;0;6.135593;0;11.8554125;0;0;0;0;0;0;3.6238208;95888.43;44.112003
2021-03-22T08:00:00;0;6.2864585;0;14.537219;0;0;0;0;0;0;3.8677826;95915.07;43.663616
2021-03-22T08:30:00;0;6.8502173;0;19.281933;0;0;0;0;0;0;3.9368293;95963.03;43.47152
2021-03-22T09:00:00;0;6.6095405;0;21.628595;0;0;0;0;0;0;3.6411018;95980.53;44.128418
2021-03-22T09:30:00;0;5.710156;0;25.78029;0;0;0;0;0;0;3.7023659;96006.71;43.940716
2021-03-22T10:00:00;0;5.5833864;0;25.549767;0;0;0;0;0;0;4.1750135;96024.14;43.076523
2021-03-22T10:30:00;0;5.1096525;0;25.141998;0;0;0;0;0;0;4.6056266;96055.07;41.697
2021-03-22T11:00:00;0;5.5134306;0;25.306133;0;0;0;0;0;0;5.2447877;96073.5;39.89126
2021-03-22T11:30:00;0;7.0223355;0;25.59653;0;0;0;0;0;0;5.2331686;96099.09;39.02441
